X,Y,OBJECTID,source,ext_id,cat1,cat2,cat3,org_name,name,address,addrln2,city,state,hours,phone,url,info1,info2,post_id,description,zip,link,use_type,latitude,longitude,email,date_updated,dis_status,POINT_X,POINT_Y
-118.553790756029684,34.239200536428356,47862131,211,,Community Groups,Farmers Markets,,www.cafarmersmarkets.com,Northridge Certified Farmers' Market And Family Festival,9301 Tampa Ave,Northridge Fashion Center,Northridge,CA,"SITE HOURS: April through October, Wednesday, 5:00pm to 9:00pm. ",Mark Rochin Service/Intake and Administration (805) 643-6458,www.cafarmersmarkets.com,,,60938,This federation administers farmers markets for consumers and farmers in Los Angeles County and throughout the state of California.,91324,http://egis3.lacounty.gov/lms/?p=60938,publish,34.239201,-118.553791,,2013-06-01T11:50:56.000Z,,6394296.088912,1909890.99972
-118.157349056902873,34.115745967021887,47862132,211,,Community Groups,Farmers Markets,,www.cafarmersmarkets.com,South Pasadena Certified Farmers' Market,Meridan Ave. & Mission St.,,South Pasadena,CA,"SITE HOURS: March through December, Thursday, 4:00pm to 8:00pm; January and February, Thursday, 4:00pm to 7:00pm. ",Greta Dunlap Service/Intake and Administration (626) 403-2820,www.cafarmersmarkets.com,,,60953,This federation administers farmers markets for consumers and farmers in Los Angeles County and throughout the state of California.,91030,http://egis3.lacounty.gov/lms/?p=60953,publish,34.115746,-118.157349,,2013-06-01T11:50:56.000Z,,6514043.599745,1864539.849937
-118.185610456500754,33.942065677457158,47862133,211,,Community Groups,Farmers Markets,,www.cafarmersmarkets.com,South Gate Certified Farmers' Market,4855 Tweedy Blvd,South Gate Park| Parking Lot 3,South Gate,CA,,"Fannie Coates Earl Service/Intake and Administration (310) 635-7938, Dale Whitney Service/Intake (562) 983-1665",www.cafarmersmarkets.com,,,60957,This federation administers farmers markets for consumers and farmers in Los Angeles County and throughout the state of California.,90280,http://egis3.lacounty.gov/lms/?p=60957,publish,33.942066,-118.18561,,2013-06-01T11:50:56.000Z,,6505372.678767,1801348.815558
-118.497698855459348,34.016990246682759,47862134,211,,Community Groups,Farmers Markets,,www.cafarmersmarkets.com,Santa Monica Saturday Certified Farmers' Market,Arizona Ave & 3Rd St Prom,,Santa Monica,CA,,Mort Bernstein Service/Intake and Administration (310) 458-8712,www.cafarmersmarkets.com,,,60962,This federation administers farmers markets for consumers and farmers in Los Angeles County and throughout the state of California.,90401,http://egis3.lacounty.gov/lms/?p=60962,publish,34.01699,-118.497699,,2013-06-01T11:50:56.000Z,,6410848.411451,1828936.849293
-118.422500256228361,34.146325526263873,47862135,211,,Community Groups,Farmers Markets,,www.cafarmersmarkets.com,Studio City Certified Farmers' Market,Ventura Blvd & Ventura Blvd, ,Studio City,CA,,Carole Gallegos Service/Intake and Administration (818) 655-7744,www.cafarmersmarkets.com,,,60974,This federation administers farmers markets for consumers and farmers in Los Angeles County and throughout the state of California.,91604,http://egis3.lacounty.gov/lms/?p=60974,publish,34.146326,-118.4225,,2013-06-01T11:50:56.000Z,,6433834.174206,1875899.698936
-118.374867055801857,33.776661967604284,47862136,211,,Community Groups,Farmers Markets,,www.cafarmersmarkets.com,Palos Verdes Certified Farmers' Market,Hawthorne Blvd. & Silver Spur Rd.,Peninsula Center,Rolling Hills Estates,CA,,"Brian Weiss &amp; Carri Jackson Service/Intake and Administration (310) 324-3994",www.cafarmersmarkets.com,,,60979,This federation administers farmers markets for consumers and farmers in Los Angeles County and throughout the state of California.,90274,http://egis3.lacounty.gov/lms/?p=60979,publish,33.776662,-118.374867,,2013-06-01T11:50:56.000Z,,6447744.80813,1741314.726637
-118.142882057048922,34.155069966867302,47862137,211,,Community Groups,Farmers Markets,,www.cafarmersmarkets.com,Pasadena Villa Parke Certified Farmers' Market,363 E. Villa St.,,Pasadena,CA,,Gretchen Sterling Service/Intake and Administration (626) 449-0179,www.cafarmersmarkets.com,,,60994,This federation administers farmers markets for consumers and farmers in Los Angeles County and throughout the state of California.,91101,http://egis3.lacounty.gov/lms/?p=60994,publish,34.15507,-118.142882,,2013-06-01T11:50:56.000Z,,6518442.84029,1878844.022444
-118.437915455668076,34.157126326773991,47867408,211,,Community Groups,Farmers Markets,,,Woodman Avenue Certified Farmers' Market,14006 Riverside Dr,Westfield Sherman Oaks parking lot,Sherman Oaks,CA,"Tuesday, 3:00pm to 8:00pm. ",Phillip Dane Service/Intake (866) 966-9495,www.cafarmersmarkets.com,,,71471,This federation administers farmers markets for consumers and farmers in Los Angeles County and throughout the state of California.,91423,http://egis3.lacounty.gov/lms/?p=71471,publish,34.157126,-118.437915,,2010-11-01T11:50:56.000Z,,6429187.140521,1879850.232374
-118.449390155431075,34.057009486524706,47867409,211,,Community Groups,Farmers Markets,,,Westwood Certified Farmers' Market,11000 Wilshire Blvd,United States Veterans Administration - Vets Garden,Los Angeles,CA,"Thursday, 12:00pm to 6:00pm. ",Jen or Mark Wall Service/Intake (310) 861-8188,www.cafarmersmarkets.com,,,71495,This federation administers farmers markets for consumers and farmers in Los Angeles County and throughout the state of California.,90024,http://egis3.lacounty.gov/lms/?p=71495,publish,34.05701,-118.44939,,2010-11-01T11:50:56.000Z,,6425552.817409,1843431.52798
-118.262963856032357,33.786706987706495,47867410,211,,Community Groups,Farmers Markets,,,Wilmington Certified Farmers' Market,N Avalon Blvd & E L St,,Wilmington,CA,"Thursday, 9:00am to 1:00pm. ",Lee Ostendorf Service/Intake (562) 449-9299,www.cafarmersmarkets.com,,,71496,This federation administers farmers markets for consumers and farmers in Los Angeles County and throughout the state of California.,90744,http://egis3.lacounty.gov/lms/?p=71496,publish,33.786707,-118.262964,,2010-11-01T11:50:56.000Z,,6481762.688257,1744862.481681
-118.278032055818429,34.090442446664014,47867426,211,,Community Groups,Farmers Markets,,,Silverlake Certified Farmers' Market,3700 W Sunset Blvd,,Los Angeles,CA,"Saturday, 8:00am to 1:00pm. ",Edwin Gomez Service/Intake (323) 661-7771,www.cafarmersmarkets.com,,,71523,This federation administers farmers markets for consumers and farmers in Los Angeles County and throughout the state of California.,90026,http://egis3.lacounty.gov/lms/?p=71523,publish,34.090442,-118.278032,,2010-11-01T11:50:56.000Z,,6477489.617407,1855410.569311
-118.599018055766962,34.197693966216413,47867427,211,,Community Groups,Farmers Markets,,,Topanga Westfield Certified Farmers' Market,6600 Topanga Blvd.,,Canoga Park,CA,"Saturday, 10:00am to 2:00pm. ",Tracy Pieper Service/Intake (818) 344-6206,www.cafarmersmarkets.com,,,71525,This federation administers farmers markets for consumers and farmers in Los Angeles County and throughout the state of California.,91303,http://egis3.lacounty.gov/lms/?p=71525,publish,34.197694,-118.599018,,2010-11-01T11:50:56.000Z,,6380537.013412,1894864.661006
-118.254088556124003,33.943279147220217,47867428,211,,Community Groups,Farmers Markets,,,Watts Healthy Certified Farmers' Market,E 103Rd St & S Central Ave,,Los Angeles,CA,"Saturday, 10:00am to 2:00pm. ",Pompea Smith Service/Intake (323) 463-3171,www.cafarmersmarkets.com,,,71527,This federation administers farmers markets for consumers and farmers in Los Angeles County and throughout the state of California.,90002,http://egis3.lacounty.gov/lms/?p=71527,publish,33.943279,-118.254088,,2010-11-01T11:50:56.000Z,,6484603.681263,1801835.849689
-117.928607357512647,34.068409187115137,47867429,211,,Community Groups,Farmers Markets,,,West Covina Certified Farmers' Market,1035 W Covina Pkwy,,West Covina,CA,"Saturday, 8:00am to 1:00pm. ",Roger Evans Service/Intake (626) 338-8496,www.cafarmersmarkets.com,,,71528,This federation administers farmers markets for consumers and farmers in Los Angeles County and throughout the state of California.,91790,http://egis3.lacounty.gov/lms/?p=71528,publish,34.068409,-117.928607,,2010-11-01T11:50:56.000Z,,6583291.863807,1847283.508137
-117.962334156639955,34.03963557727208,47868800,211,,Community Groups,Farmers Markets,,,Valinda / La Puente Certified Farmers' Market,747 N. Rimgrove Drive,Rimgrove Park,La Puente,CA,"Thursdays, April-September 10:00am to 3:00pm. ",Lilia Rivas Service/Intake (323) 263-4462,www.cafarmersmarkets.com,,,71493,This federation administers farmers markets for consumers and farmers in Los Angeles County and throughout the state of California.,91744,http://egis3.lacounty.gov/lms/?p=71493,publish,34.039636,-117.962334,,2014-05-08T14:07:02.000Z,,6573081.506603,1836806.691821
-118.277059156455039,34.089870347003483,47868801,211,,Community Groups,Farmers Markets,,www.cafarmersmarkets.com,Silverlake Tuesday Certified Farmers' Market,1500 Griffith Park Blvd,,Los Angeles,CA,"Tuesdays, April through December 2:00 pm to 7:30 pm",Edwin Gomez Service/Intake and Administration (213) 413-7770,www.cafarmersmarkets.com,,,60964,This federation administers farmers markets for consumers and farmers in Los Angeles County and throughout the state of California.,90026,http://egis3.lacounty.gov/lms/?p=60964,publish,34.08987,-118.277059,,2014-05-08T14:18:33.000Z,,6477783.610913,1855201.558902
-117.802724257651505,34.106664697391523,47868802,211,,Community Groups,Farmers Markets,,www.cafarmersmarkets.com,San Dimas Certified Farmers' Market,245 E Bonita Ave & N Walnut Ave,,San Dimas,CA,"Wednesdays, April through September, 5:00pm to 9:00pm. ",Maurice Cuellar Service/Intake and Administration (909) 581-4744,www.cafarmersmarkets.com,,,61004,This federation administers farmers markets for consumers and farmers in Los Angeles County and throughout the state of California.,91773,http://egis3.lacounty.gov/lms/?p=61004,publish,34.106665,-117.802724,,2014-05-08T14:21:14.000Z,,6621388.655396,1861256.337147
-118.057863456447365,34.107690277023785,47868803,211,,Community Groups,Farmers Markets,,,Temple City Certified Farmers' Market,9701 Las  Tunas Dr,City Hall parking lot,Temple City,CA,"Sundays, yeaar-round, 8:30am to 12:30pm. ",Gretchen Sterling Service/Intake (626) 422-1419,www.cafarmersmarkets.com,,,71466,This federation administers farmers markets for consumers and farmers in Los Angeles County and throughout the state of California.,91780,http://egis3.lacounty.gov/lms/?p=71466,publish,34.10769,-118.057863,,2014-05-12T13:19:36.000Z,,6544154.417804,1861576.000222
-118.092909056914124,34.160397967066956,47868804,211,,Community Groups,Farmers Markets,,www.cafarmersmarkets.com,Pasadena Victory Park Certified Farmers' Market,2900 N. Sierra Madre Blvd between Paloma and Washington Avenues,Victory Park,Pasadena,CA,,Gretchen Sterling Service/Intake and Administration (626) 449-0179,www.cafarmersmarkets.com,,,60969,This federation administers farmers markets for consumers and farmers in Los Angeles County and throughout the state of California.,91101,http://egis3.lacounty.gov/lms/?p=60969,publish,34.160398,-118.092909,,2014-05-12T13:35:21.000Z,,6533563.446532,1880765.245964
-118.446226355436352,34.061675117098901,47868805,211,,Community Groups,Farmers Markets,,www.cafarmersmarkets.com,Westwood Village Certified Farmers' Market,1050 Broxton Ave,Between Weyburn & Kinross Ave,Westwood,CA,"Sundays, year-round 10:00am to 3:00pm",Stephen Whipple Service/Intake and Administration (323) 282-0258,www.cafarmersmarkets.com,,,60983,This federation administers farmers markets for consumers and farmers in Los Angeles County and throughout the state of California.,90024,http://egis3.lacounty.gov/lms/?p=60983,publish,34.061675,-118.446226,,2014-05-12T13:47:12.000Z,,6426518.644218,1845125.155171
-118.353782256350428,34.152223287038225,47868806,211,,Community Groups,Farmers Markets,,,Toluca Lake Certified Farmers' Market,Sancola Ave & Riverside Dr,,Toluca Lake,CA," Sundays, year-round. 9:00am to 2:00pm",Tanja Castle Service/Intake (310) 633-3966,www.cafarmersmarkets.com,,,71033,This federation administers farmers markets for consumers and farmers in Los Angeles County and throughout the state of California.,91610,http://egis3.lacounty.gov/lms/?p=71033,publish,34.152223,-118.353782,,2014-05-12T13:49:14.000Z,,6454633.682804,1877965.702022
-118.133870756455295,33.883675737157226,47868807,211,,Community Groups,Farmers Markets,,www.cafarmersmarkets.com,Bellflower Certified Farmers' Market,16614 Clark Ave at Oak Street, ,Bellflower,CA,"Mondays, year-round 9:00am - 1:00pm",Angela Higuera Service/Intake and Administration (562) 866-8142,www.cafarmersmarkets.com,,,60956,This federation administers farmers markets for consumers and farmers in Los Angeles County and throughout the state of California.,90706,http://egis3.lacounty.gov/lms/?p=60956,publish,33.883676,-118.133871,,2014-05-12T14:02:51.000Z,,6521037.58182,1780074.45522
-118.416017855521659,33.956528416754963,47868808,211,,Community Groups,Farmers Markets,,www.cafarmersmarkets.com,Westchester Park Certified Farmers' Market,Lincoln Blvd & La Tijera Blvd,,Los Angeles,CA,"Wednesdays, year-round 8:30am to 1:00pm. ",Diana Rodgers Service/Intake and Administration (310) 582-5850,www.cafarmersmarkets.com,,,60999,This federation administers farmers markets for consumers and farmers in Los Angeles County and throughout the state of California.,90045,http://egis3.lacounty.gov/lms/?p=60999,publish,33.956528,-118.416018,,2014-05-12T14:04:06.000Z,,6435509.681682,1806821.216359
-118.334896256268522,34.039642596868028,47868809,211,,Community Groups,Farmers Markets,,,Wellington Square Certified Farmer's Market,4394 W Washington Blvd,,Los Angeles,CA,"Sundays, year-round, 9:00am to 1:00pm. ",Lora Davis Service/Intake (323) 732-4464,www.cafarmersmarkets.com,,,71467,This federation administers farmers markets for consumers and farmers in Los Angeles County and throughout the state of California.,90016,http://egis3.lacounty.gov/lms/?p=71467,publish,34.039643,-118.334896,,2014-05-12T14:12:06.000Z,,6460211.111938,1836976.120616
-118.388196555616346,33.837509287338037,47868810,211,,Community Groups,Farmers Markets,,,Redondo Beach Certified Farmers' Market,"Torrance Boulevard, West of Veteran's Park",,Redondo Beach,CA,"Thursdays, year-round, Closed Thanksgiving, 8:00am to 1:00pm",Nancy Jones Service/Intake and Administration (310) 372-1171 Ext.2252,www.cafarmersmarkets.com,,,71022,This federation administers farmers markets for consumers and farmers in Los Angeles County and throughout the state of California.,90277,http://egis3.lacounty.gov/lms/?p=71022,publish,33.837509,-118.388197,,2014-05-12T15:49:39.000Z,,6443779.389224,1763473.923788
-118.000916056641699,34.144818447370149,47868811,211,,Community Groups,Farmers Markets,,,Monrovia Certified Farmers' Market - Friday,200 Block of Myrtle Ave,Adjacent to Library Park,Monrovia,CA,"Fridays, year-round, 5:00pm to 9:00pm. ",Dave Gayman Service/Intake (866) 440-3374,www.cafarmersmarkets.com,,,71514,This federation administers farmers markets for consumers and farmers in Los Angeles County and throughout the state of California.,91016,http://egis3.lacounty.gov/lms/?p=71514,publish,34.144818,-118.000916,,2014-05-13T12:41:32.000Z,,6561393.166463,1875082.587382
-118.285693556260497,33.738765177325973,47868812,211,,Community Groups,Farmers Markets,,,San Pedro Certified Farmers' Market,W 6Th St & S Mesa St,"Old Town San Pedro, betweeb Mesa and Pacific",San Pedro,CA,"Fridays, year-round, 9:00am to 2:00pm. ",Lee Ostendorf Service/Intake and Administration (562) 449-9299,www.cafarmersmarkets.com,,,71024,This federation administers farmers markets for consumers and farmers in Los Angeles County and throughout the state of California.,90731,http://egis3.lacounty.gov/lms/?p=71024,publish,33.738765,-118.285693,,2014-05-13T12:47:20.000Z,,6474806.171002,1727433.980448
-118.325773056289293,33.826917266933734,47868813,211,,Community Groups,Farmers Markets,,,Torrance Saturday Certified Farmers' Market,2200 Crenshaw Blvd,Wilson Park,Torrance,CA,"Tuesdays and Saturdays, year-round, 8:00am to 1:00pm. ",Mary Lou Weiss Service/Intake (310) 781-7520,www.cafarmersmarkets.com,,,71526,This federation administers farmers markets for consumers and farmers in Los Angeles County and throughout the state of California.,90503,http://egis3.lacounty.gov/lms/?p=71526,publish,33.826917,-118.325773,,2014-05-13T12:51:49.000Z,,6462724.143657,1759551.907026
-118.465614956338328,34.021544726405288,47868814,211,,Community Groups,Farmers Markets,,www.cafarmersmarkets.com,Santa Monica Pico Certified Farmers' Market,Cloverfield Blvd & Pico Blvd,,Santa Monica,CA,"Saturdays, year-round, 8:00am to 1:00pm",Ted Galvan Service/Intake and Administration (310) 458-8712,www.cafarmersmarkets.com,,,60963,This federation administers farmers markets for consumers and farmers in Los Angeles County and throughout the state of California.,90401,http://egis3.lacounty.gov/lms/?p=60963,publish,34.021545,-118.465615,,2014-05-13T13:17:38.000Z,,6420578.675127,1830547.709588
-118.450452356355214,34.045745487133281,47868815,211,,Community Groups,Farmers Markets,,www.cafarmersmarkets.com,West Los Angeles Certified Farmers' Market,1645 Corinth Avenue at Santa Monica Blvd,West of the 405 Freeway,Los Angeles,CA,"Sundays, year-round, 9:00am to 2:00pm. ",Lee Ostendorf Service/Intake (562) 449-9299,www.cafarmersmarkets.com,,,61003,This federation administers farmers markets for consumers and farmers in Los Angeles County and throughout the state of California.,90025,http://egis3.lacounty.gov/lms/?p=61003,publish,34.045746,-118.450452,,2014-05-13T13:21:25.000Z,,6425212.715727,1839333.820625
-118.036156056419046,33.979112216992277,47868817,211,,Community Groups,Farmers Markets,,,Uptown Whittier Certified Farmers' Market,Bright Ave & Philadelphia St,,Whittier,CA,"Fridays, year-round, 8:00am to 1:00pm. ",Kae Thomas Service/Intake and Administration (562) 696-2662,www.cafarmersmarkets.com,,,71026,This federation administers farmers markets for consumers and farmers in Los Angeles County and throughout the state of California.,90602,http://egis3.lacounty.gov/lms/?p=71026,publish,33.979112,-118.036156,,2014-05-13T13:26:44.000Z,,6550708.66585,1814780.843812
-118.465993355450593,33.98756571654588,47868818,211,,Community Groups,Farmers Markets,,www.cafarmersmarkets.com,Venice Certified Farmers' Market,N Venice Blvd & Venice Way,,Venice,CA,"Fridays, year-round, 7:00am to 11:00am. ",James Murez Service/Intake and Administration (310) 399-6690,www.cafarmersmarkets.com,,,60949,This federation administers farmers markets for consumers and farmers in Los Angeles County and throughout the state of California.,90291,http://egis3.lacounty.gov/lms/?p=60949,publish,33.987566,-118.465993,,2014-05-13T13:31:44.000Z,,6420406.686625,1818182.71857
-118.252920156690934,34.053258927169267,47868819,211,,Community Groups,Farmers Markets,,,Bank Of America Plaza Certified Farmers' Market,333 S Hope St,,Los Angeles,CA,"Fridays, year-round, 11:00am to 3:00pm. ",Fernando Oxa Service/Intake (818) 591-8161,www.cafarmersmarkets.com,,,71500,This federation administers farmers markets for consumers and farmers in Los Angeles County and throughout the state of California.,90021,http://egis3.lacounty.gov/lms/?p=71500,publish,34.053259,-118.25292,,2014-05-13T14:00:27.000Z,,6485058.769263,1841858.737491
-118.638570055579166,34.157456966772763,47868820,211,,Community Groups,Farmers Markets,,www.cafarmersmarkets.com,Old Town Calabasas Certified Farmers' Market,23504 Calabasas Rd.,at El Canon Ave,Calabasas,CA,"Saturdays, year-round, 8:00am to 1:00pm",Melissa Farwell Service/Intake and Administration (818) 591-8161,www.cafarmersmarkets.com,,,60965,This federation administers farmers markets for consumers and farmers in Los Angeles County and throughout the state of California.,91302,http://egis3.lacounty.gov/lms/?p=60965,publish,34.157457,-118.63857,,2014-05-13T14:02:59.000Z,,6368484.263568,1880295.60878
-118.43046265553555,34.004249216979169,47868821,211,,Community Groups,Farmers Markets,,,Mar Vista Certified Farmers' Market,3826 Grand View Blvd,between Venice Blvd and Pacific Ave,Los Angeles,CA,"Sundays, year-round, 8:30am to 2:00pm. ",Diana Rodgers Service/Intake (310) 861-4444,www.cafarmersmarkets.com,,,71463,This federation administers farmers markets for consumers and farmers in Los Angeles County and throughout the state of California.,90066,http://egis3.lacounty.gov/lms/?p=71463,publish,34.004249,-118.430463,,2014-05-13T15:04:20.000Z,,6431203.580714,1824206.102849
-118.525110555364705,34.048285926646464,47866621,211,,Community Groups,Farmers Markets,,,Pacific Palisades Certified Farmers' Market,1037 N Swarthmore Ave,,Pacific Palisades,CA,"Sunday, 8:00am to 1:00pm. ",Lesley McAndrew Service/Intake and Administration (818) 591-8161,www.cafarmersmarkets.com,,,71020,This federation administers farmers markets for consumers and farmers in Los Angeles County and throughout the state of California.,90272,http://egis3.lacounty.gov/lms/?p=71020,publish,34.048286,-118.52511,,2010-11-01T11:50:56.000Z,,6402601.18057,1840368.074462
-117.750366557886622,34.064548807152192,47866622,211,,Community Groups,Farmers Markets,,,Pomona Valley Certified Farmers' Market,N Garey Ave & W Pearl St,,Pomona,CA,"Saturday, 7:30am to 11:30am. ",Harry Brown-Hiegel Service/Intake and Administration (626) 588-1112,www.cafarmersmarkets.com,,,71023,This federation administers farmers markets for consumers and farmers in Los Angeles County and throughout the state of California.,91766,http://egis3.lacounty.gov/lms/?p=71023,publish,34.064549,-117.750366,,2010-11-01T11:50:56.000Z,,6637276.147899,1845964.849685
-118.351067556255686,34.092575906371906,47866623,211,,Community Groups,Farmers Markets,,,West Hollywood Certified Farmers' Market,7377 Santa Monica Blvd,,West Hollywood,CA,"Monday, 9:00am to 2:00pm. ",Beth Smith Service/Intake and Administration (323) 848-6535,www.cafarmersmarkets.com,,,71025,This federation administers farmers markets for consumers and farmers in Los Angeles County and throughout the state of California.,90046,http://egis3.lacounty.gov/lms/?p=71025,publish,34.092576,-118.351067,,2010-11-01T11:50:56.000Z,,6455379.198373,1856256.168998
-118.192005656022573,34.109977156501436,47866624,211,,Community Groups,Farmers Markets,,,Old Los Angeles Certified Farmers' Market,S Ave 58 & N Figueroa St,,Los Angeles,CA,"Tuesday, 3:00am to 7:00pm. ",C. Nyerges Service/Intake (323) 255-5030,www.cafarmersmarkets.com,,,71028,This federation administers farmers markets for consumers and farmers in Los Angeles County and throughout the state of California.,90042,http://egis3.lacounty.gov/lms/?p=71028,publish,34.109977,-118.192006,,2010-11-01T11:50:56.000Z,,6503549.668633,1862458.705149
-118.37337245665141,34.083278316461438,47866625,211,,Community Groups,Farmers Markets,,,Melrose Place Certified Farmers' Market,8400 Melrose Pl,,Los Angeles,CA,"Sunday, 10:00am to 2:00pm. ",Chase Mosley Service/Intake (818) 591-8161,www.cafarmersmarkets.com,,,71030,This federation administers farmers markets for consumers and farmers in Los Angeles County and throughout the state of California.,90069,http://egis3.lacounty.gov/lms/?p=71030,publish,34.083278,-118.373372,,2010-11-01T11:50:56.000Z,,6448613.505868,1852896.958853
-118.253076158910844,34.048339392118471,47870470,211,,Community Groups,Farmers Markets,,,Pershing Square Certified Farmers' Market,532 S Olive St,,Los Angeles,CA,"Wednesdays and Thursdays, year-round, 11:30am to 2:00pm. ",Linda Gallardo Service/Intake (818) 591-8161,www.cafarmersmarkets.com,,,71481,This federation administers farmers markets for consumers and farmers in Los Angeles County and throughout the state of California.,90021,http://egis3.lacounty.gov/lms/?p=71481,publish,34.048339,-118.253076,,2014-10-15T10:07:28.000Z,,6485007.007556,1840068.547502
-118.226940092727503,34.205395309658897,47870710,211,,Community Groups,Farmers Markets,,Montrose Shopping Park Association,Montrose Harvest Market,2200 Block of Honolulu Ave ,,Glendale,CA,"Sundays,  9:00 AM until 2:00 PM","(805) 637-6635
",http://www.shopmontrose.com/harvest-market.html ,,,61797,"Farmer's Market in Montrose,  California (2200 block of Honolulu Avenue).",91020,http://egis3.lacounty.gov/lms/?p=61797,publish,34.205395,-118.22694,,2015-03-26T13:27:43.000Z,,6493053.325124,1897205.061509
-118.325773056207169,33.826916967630879,47870711,211,,Community Groups,Farmers Markets,,www.cafarmersmarkets.com,Torrance Tuesday Certified Farmers' Market,2200 Crenshaw Blvd.,Charles H. Wilson Park,Torrance,CA,"Tuesdays year-round 8:00 a.m. to 1:00 p.m.
Saturday Year Round 8:00 a.m. to 1:00 p.m.",Joyce Chan 310-328-1746,www.cafarmersmarkets.com,,,60990,This federation administers farmers markets for consumers and farmers in Los Angeles County and throughout the state of California.,90503,http://egis3.lacounty.gov/lms/?p=60990,publish,33.826917,-118.325773,,2015-03-26T13:36:09.000Z,,6462724.143329,1759551.798102
-118.317795456307437,33.916454697296452,47870712,211,,Community Groups,Farmers Markets,,www.cafarmersmarkets.com,Gardena Hollypark Certified Farmers' Market,13000 S. Van Ness Ave,,Gardena,CA,"Saturday, 08:00 am to  01:00pm. ",Ida  Edwards Service/Intake (323) 777-1755,www.cafarmersmarkets.com,,,61000,This federation administers farmers markets for consumers and farmers in Los Angeles County and throughout the state of California.,90249,http://egis3.lacounty.gov/lms/?p=61000,publish,33.916455,-118.317795,,2015-03-27T06:51:15.000Z,,6465250.170101,1792128.846465
-118.482858856096271,34.001223786983985,47870713,211,,Community Groups,Farmers Markets,,City Of Santa Monicawww.cafarmersmarkets.com,Santa Monica Main St. Certified Farmers' Market,2640 Main St,,Santa Monica,CA,Sunday 9:30 am to 1:00 pm,Jodi Low Service/Intake and Administration (310) 458-8712,www.cafarmersmarkets.com,,,60982,This federation administers farmers markets for consumers and farmers in Los Angeles County and throughout the state of California.,90405,http://egis3.lacounty.gov/lms/?p=60982,publish,34.001224,-118.482859,,2015-03-27T07:10:52.000Z,,6415317.905792,1823177.245982
-118.498625755881989,34.016239647031682,47870714,211,,Community Groups,Farmers Markets,,www.cafarmersmarkets.com,Santa Monica Downtown Certified Farmers' Market,Arizona Ave between 2nd St and 3rd St,,Santa Monica,CA," Wednesdays, 8:30am to 1:30pm and Saturdays (Organic) 8:30am - 1:00pm ",Laura Avery Service/Intake and Administration (310) 458-8712,www.cafarmersmarkets.com,,,61001,This federation administers farmers markets for consumers and farmers in Los Angeles County and throughout the state of California.,90401,http://egis3.lacounty.gov/lms/?p=61001,publish,34.01624,-118.498626,,2015-03-27T07:16:35.000Z,,6410566.172186,1828665.086385
-118.294769356676838,34.101717306447107,47870715,211,,Community Groups,Farmers Markets,,SEE LA,Bransdall Center Farmers' Market,4888 Hollywood Blvd,,Los Angeles,CA,"Monday, year round, 11:00 am - 5:00 pm", (323) 463-3171,http://www.farmernet.com/,,,60142,The organization provides farmers' markets and nutrition education services in specified areas of Los Angeles.,90027,http://egis3.lacounty.gov/lms/?p=60142,publish,34.101717,-118.294769,,2015-03-27T10:00:45.000Z,,6472434.053371,1859528.12374
-118.260220756264175,34.118195486352477,47870716,211,,Community Groups,Farmers Markets,,SEE LA,Atwater Village Certified Farmers' Market,3250 Glendale Blvd,,Los Angeles,CA,"Sunday, 10:00am to 2:00pm. ",Gena (323) 463-3171,www.cafarmersmarkets.com,,,71460,This federation administers farmers markets for consumers and farmers in Los Angeles County and throughout the state of California.,90039,http://egis3.lacounty.gov/lms/?p=71460,publish,34.118196,-118.260221,,2015-03-27T13:50:52.000Z,,6482908.539968,1865495.946778
-118.603814055610769,34.089121966536943,47870717,211,,Community Groups,Farmers Markets,,,Topanga Canyon Certified Farmers' Market,Pine Tree Circle Parking Lot and Topanga Post Office,,Topanga,CA,"Friday, year round, 9:00am to 1:00pm. ",Howell Tumlin 310-455-0181,www.cafarmersmarkets.com,,,71515,This federation administers farmers markets for consumers and farmers in Los Angeles County and throughout the state of California.,90290,http://egis3.lacounty.gov/lms/?p=71515,publish,34.089122,-118.603814,,2015-03-30T13:17:11.000Z,,6378849.453467,1855362.706218
-118.256559656121112,34.005725967109889,47870718,211,,Community Groups,Farmers Markets,,SEE LA,Central Avenue Certified Farmers' Market,4301 S Central Ave,,Los Angeles,CA,"Thursdays, year-round, 10:00pm to 4:00pm. ", (323) 463-3171,www.cafarmersmarkets.com,,,71487,This federation administers farmers markets for consumers and farmers in Los Angeles County and throughout the state of California.,90011,http://egis3.lacounty.gov/lms/?p=71487,publish,34.005726,-118.25656,,2015-03-30T13:24:03.000Z,,6483912.186583,1824563.398394
-118.328673256583471,34.098066426421454,47870719,211,,Community Groups,Farmers Markets,,SEE LA,Hollywood Certified Farmers' Market,1500 N Ivar Ave,,Hollywood,CA,"Sundays, year-round, 8:00am to 1:00pm", (323) 463-3171,www.cafarmersmarkets.com,,,60976,This federation administers farmers markets for consumers and farmers in Los Angeles County and throughout the state of California.,90028,http://egis3.lacounty.gov/lms/?p=60976,publish,34.098066,-118.328673,,2015-04-02T09:54:37.000Z,,6462165.928238,1858231.336635
-118.336490355899443,34.011176466633628,47870720,211,,Community Groups,Farmers Markets,,SEE LA,Crenshaw Baldwin Hill CFM,3650 W Martin Luther King Blvd,,Los Angeles,CA,"Saturday, 10:00am to 3:00pm. ", (323) 463-3171,www.cafarmersmarkets.com,,,60942,This federation administers farmers markets for consumers and farmers in Los Angeles County and throughout the state of California.,90008,http://egis3.lacounty.gov/lms/?p=60942,publish,34.011176,-118.33649,,2015-04-02T10:28:22.000Z,,6459693.491254,1826618.398549
-118.757231855232973,34.156937166235394,47870721,,,Community Groups,Farmers Markets,,Raw Inspiration,Agoura Hills CFM,5835 Kanan Rd,,Agoura Hills,CA,"Sunday, year round, 9:00 am - 2:00 pm",818-591-8161,,,,76059,,91310,http://egis3.lacounty.gov/lms/?p=76059,publish,34.156937,-118.757232,,2015-04-09T10:20:05.000Z,,6332584.806495,1880355.69593
-118.443664256316623,34.12754946651738,47870722,,,Community Groups,Farmers Markets,,Raw Inspiration,Beverly Glen Center CFM,2936 Beverly Glen Circle,,Los Angeles,CA,"Saturday, year round, 8:00 am - 2:00 pm",818-591-8161,,,,76061,,,http://egis3.lacounty.gov/lms/?p=76061,publish,34.12755,-118.443664,,2015-04-09T10:50:35.000Z,,6427400.450853,1869094.402508
-118.17989721552614,33.826697665073084,47870723,,,Community Groups,Farmers Markets,,Lee Ostendorf,Bixby Park CFM,Bixby Street between 1st & 2nd Street,,Long Beach,CA,"Saturday, year roundm 9:00 am - 2:00 pm
Tuesday, year roundm 3:00 pm - 7:00 pm",562-449-9299,,,,76063,,,http://egis3.lacounty.gov/lms/?p=76063,publish,33.826698,-118.179897,,2015-04-09T10:52:49.000Z,,6507030.425451,1759360.54422
-118.308480956902713,34.182789106242609,47870724,211,,Community Groups,Farmers Markets,,Denise De Leo,Burbank Certified Farmers' Market,E Orange Grove Ave & N 3Rd St, ,Burbank,CA,, (818) 847-4774,www.cafarmersmarkets.com,,,60968,This federation administers farmers markets for consumers and farmers in Los Angeles County and throughout the state of California.,91502,http://egis3.lacounty.gov/lms/?p=60968,publish,34.182789,-118.308481,,2015-04-09T11:02:53.000Z,,6468373.660901,1889043.956112
-118.638773355912136,34.157234366200441,47870725,,,Community Groups,Farmers Markets,,Raw Inspiration,Calabasas CFM,23504 Calabasas Road,,Calabasas,CA,"Saturday, year round, 8:00 am - 1:00 pm",818-591-8161,,,,76068,,,http://egis3.lacounty.gov/lms/?p=76068,publish,34.157234,-118.638773,,2015-04-09T12:35:00.000Z,,6368422.245319,1880214.992799
-118.601299555419999,34.202504266093378,47870726,,,Community Groups,Farmers Markets,,Marck Rochin,Canoga Park CFM,7248 Owensmouth Ave,,Canoga Park,CA,"Saturday, year round, 9:00 am - 1:00 pm",805-643-6458,,,,76070,,,http://egis3.lacounty.gov/lms/?p=76070,publish,34.202504,-118.601299,,2015-04-09T12:41:48.000Z,,6379857.604994,1896619.303822
-118.058101056929488,33.867664967155292,47870727,,,Community Groups,Farmers Markets,,Hulie Schwarz,Cerritos CFM,Park Plaza Drive,,Cerritos,CA,"Saturda, year round, 8:00 am - 12:00 pm",562-433-1415,,,,76072,,90706,http://egis3.lacounty.gov/lms/?p=76072,publish,33.867665,-118.058101,,2015-04-09T12:47:01.000Z,,6544032.007616,1774225.788767
-118.290954756443767,34.097869166666086,47870728,,,Community Groups,Farmers Markets,,Helen Lee,Children Hospital CFM,4650 Sunset Blvd.,,Los Angeles,CA,"Wednesday, year round, 10:00 am - 3:00 pm",323-272-9171,,,,76074,,,http://egis3.lacounty.gov/lms/?p=76074,publish,34.097869,-118.290955,,2015-04-09T12:49:06.000Z,,6473584.800413,1858124.354894
-118.242749056163788,34.053014966900797,47870729,,,Community Groups,Farmers Markets,,Susan Hutchinson,City Hall - Little Tokyo CFM,200 N. Main Street,,Los Angeles,CA,"Thursday, year round, 10:00 am - 2:00 pm",323-710-4198,,,,76116,,90012,http://egis3.lacounty.gov/lms/?p=76116,publish,34.053015,-118.242749,,2015-04-09T12:51:05.000Z,,6488139.457984,1841762.359731
-117.719270057544193,34.095634887140612,47870730,211,,Community Groups,Farmers Markets,,Claremont Forum,Claremont Certified Farmers' Market,N Indian Hill Blvd & W 2Nd St,,Claremont,CA,,Oscar De Leon  (714) 345-3087,www.cafarmersmarkets.com,,,60975,This federation administers farmers markets for consumers and farmers in Los Angeles County and throughout the state of California.,91711,http://egis3.lacounty.gov/lms/?p=60975,publish,34.095635,-117.71927,,2015-04-09T12:52:35.000Z,,6646662.641593,1857302.468086
-118.425469456353682,33.976617466660358,47870731,,,Community Groups,Farmers Markets,,Helen Lee,Del Ray CFM,461 Alla Road,,Los Angeles,CA,"Friday, yearround, 2:00 pm - 7:00 pm",323-272-9177,,,,76076,,,http://egis3.lacounty.gov/lms/?p=76076,publish,33.976618,-118.425469,,2015-04-09T12:54:57.000Z,,6432674.371736,1814143.982553
-118.134182856835395,33.941950176850064,47870732,211,,Community Groups,Farmers Markets,,Raw Inspiration,Downey Certified Farmers' Market,La Reina Ave & 2Nd St,,Downey,CA,"Saturdays, year-round, 9:00am to 1:00pm. ", (818) 591-8161,www.cafarmersmarkets.com,,,71520,This federation administers farmers markets for consumers and farmers in Los Angeles County and throughout the state of California.,90242,http://egis3.lacounty.gov/lms/?p=71520,publish,33.94195,-118.134183,,2015-04-09T12:56:22.000Z,,6520971.161677,1801281.969891
-118.213109356671069,34.138077466867145,47870733,,,Community Groups,Farmers Markets,,Michael Noguaira,Eagle Rock CFM,2100 Merton Ave.,,Eagle Rock,CA,"Friday, year round, 4:30 pm - 8:30 pm",323-225-5466,,,,76080,,90041,http://egis3.lacounty.gov/lms/?p=76080,publish,34.138078,-118.213109,,2015-04-09T13:42:02.000Z,,6497183.205972,1872697.777191
-118.308099755888222,34.101720567047444,47870734,,,Community Groups,Farmers Markets,,Bo Sivanunsakul,East Hollywood CFM,5448 Hollywood Blvd.,,Los Angeles,CA,"Thursday, year round, 2:00 pm - 8:00 pm",323-468-2555,,,,76082,,90027,http://egis3.lacounty.gov/lms/?p=76082,publish,34.101721,-118.3081,,2015-04-09T13:44:35.000Z,,6468398.523056,1859541.412099
-118.259540756349452,34.075376467112847,47870735,,,Community Groups,Farmers Markets,,SEE LA,Echo Park CFM,663 Logan Street,,Los Angeles,CA,"Friday, year round, 3:00 pm - 7:30 pm",323 463-3171,,,,76084,,90026,http://egis3.lacounty.gov/lms/?p=76084,publish,34.075376,-118.259541,,2015-04-09T13:46:32.000Z,,6483074.122642,1849912.82112
-118.248474856322758,34.115602967210151,47870736,,,Community Groups,Farmers Markets,,SEE LA,Glassel Park CFM,3150 N. San Fernando Road,,Los Angeles,CA,Saturday 10:00 am to 3:00 pm,James Haydu 323-463-3171,,,,76043,,,http://egis3.lacounty.gov/lms/?p=76043,publish,34.115603,-118.248475,,2015-04-10T08:17:44.000Z,,6486461.367508,1864543.488053
-118.200389157031623,34.492739565927508,47870737,,,Community Groups,Farmers Markets,,Gary Lubben,Acton CFM,3801 Sierra Way,,Acton,CA,"Tuesday, May - Oct, 4:00 pm - 7:30 pm",661-269-2258,,,,76096,,93510,http://egis3.lacounty.gov/lms/?p=76096,publish,34.49274,-118.200389,,2015-04-10T08:34:17.000Z,,6501289.650187,2001757.96756
-118.255469056391433,34.149084966444995,47870738,,,Community Groups,Farmers Markets,,Raw Inspiration,Glendale Downtown CFM,227 N. Brand Ave.,,Glendale,CA,Tuesday 2:00 pm to 7:00 pm,818-691-8161,,,,76045,,91203,http://egis3.lacounty.gov/lms/?p=76045,publish,34.149085,-118.255469,,2015-04-10T08:38:15.000Z,,6484375.317874,1876733.471219
-118.251559456354897,34.051402066654852,47870739,,,Community Groups,Farmers Markets,,Raw Inspiration,Grand Certified Farmers' Market,350 S. Grand Ave.,,Los Angeles,CA,"Wednesday, year round, 10:00 am - 2:00 pm",818-591-8161,,,,76132,,90012,http://egis3.lacounty.gov/lms/?p=76132,publish,34.051402,-118.251559,,2015-04-10T08:40:02.000Z,,6485469.244492,1841181.957676
-118.259990056484469,34.053148066492568,47870740,,,Community Groups,Farmers Markets,,Howell Tumlin,Historic LA CFM,West 5th Street,,Los Angeles,CA,"Sunday, year round, 9:00 am - 1:00 pm",310-455-0181,,,,76090,,90013,http://egis3.lacounty.gov/lms/?p=76090,publish,34.053148,-118.25999,,2015-04-10T08:44:44.000Z,,6482917.13936,1841823.856983
-117.847680217091366,34.043906024293918,47870741,,,Community Groups,Farmers Markets,,Rick Palas,Jack New's CFM,1100 Grand Ave.,,Walnut,CA,"Saturday, year round, 8:00 am - 2:00 pm",909-869-0701,,,,76094,11,91789,http://egis3.lacounty.gov/lms/?p=76094,publish,34.043906,-117.84768,,2015-04-10T08:57:51.000Z,,6607814.43845,1838393.617781
-118.294006955669389,33.788991467036901,47870742,,,Community Groups,Farmers Markets,,Cynthia Ojeda,Kaiser South Bay CFM,25825 S. Vermont Ave.,,Harbor City,CA,"Wednesday, year round, 10:00 am - 3:00 pm",310-748-6922,,,,76105,,90710,http://egis3.lacounty.gov/lms/?p=76105,publish,33.788992,-118.294007,,2015-04-10T12:11:07.000Z,,6472331.980084,1745719.998338
-118.377319037117886,34.044037923253619,47870743,,,Community Groups,Farmers Markets,,Cynthia Ojeda,La Cienga CFM,1801 La Cienga Blvd.,,Los Angeles,CA,"Thursday, year round, 3:00 pm - 7:00 pm",424-287-2280,,,,76110,,90035,http://egis3.lacounty.gov/lms/?p=76110,publish,34.044038,-118.377319,,2015-04-10T12:13:05.000Z,,6447364.88599,1838621.186879
-117.770159057786628,34.100497967355437,47870744,,,Community Groups,Farmers Markets,,Oscat De Leon,La Verne Fresh CFM,D Street & 3rd Street,,La Verne,CA,"Saturday, year round, 8:00 am - 1:00 pm",951-733-2588,,,,76140,,91750,http://egis3.lacounty.gov/lms/?p=76140,publish,34.100498,-117.770159,,2015-04-10T12:15:28.000Z,,6631251.742953,1859033.099467
-118.11545785686144,34.696818266130023,47870745,,,Community Groups,Farmers Markets,,Raw Inspiration,Lancaster CFM,721 Lancaster Blvd.,,Lancaster,CA,"Thursday, year round, 3:00 pm - 8:00 pm",818-591-8161,,,,76112,,93534,http://egis3.lacounty.gov/lms/?p=76112,publish,34.696818,-118.115458,,2015-04-10T12:17:51.000Z,,6526966.196603,2075987.342395
-118.353824356138276,33.898238366921355,47870746,,,Community Groups,Farmers Markets,,Dyan Davis,Lawndale CFM,147th Street and Burib Ave.,,Lawndale,CA,"Wednesday, year round, 2:00 pm - 7:00 pm",310-679-3306,,,,76114,,90260,http://egis3.lacounty.gov/lms/?p=76114,publish,33.898238,-118.353824,,2015-04-10T12:19:20.000Z,,6454295.591945,1785536.062407
-118.132867256274992,33.768460467388181,47870747,,,Community Groups,Farmers Markets,,Lee Ostendorf,Local Harvest CFM,E. Appian Way & Nito Ave.,,Long Beach,CA,"Wednesday, year round, 3:00 pm - 7:00 pm",562-449-9299,,,,76118,,90803,http://egis3.lacounty.gov/lms/?p=76118,publish,33.768461,-118.132867,,2015-04-10T12:20:55.000Z,,6521286.744051,1738144.223135
-118.113430556662976,33.781150467228301,47870748,,,Community Groups,Farmers Markets,,Nick Spano,Long Beach University CFM,1250 Bellflower Blvd.,,Long Beach,CA,"Wednesday, Apr. - Sep., 10:00 am - 2:00 pm.",310-869-8979,,,,76123,,90815,http://egis3.lacounty.gov/lms/?p=76123,publish,33.781151,-118.113431,,2015-04-10T12:22:56.000Z,,6527199.533407,1742755.235895
-118.353542656313763,34.061744867120112,47870749,,,Community Groups,Farmers Markets,,Raw Inspiration,Miracle Mile CFM,5700 Wilshire Blvd,,Los Angeles,CA,"Wednesday, year round, 11:00 am - 3:00 am",818-591-8161,,,,76144,,90036,http://egis3.lacounty.gov/lms/?p=76144,publish,34.061745,-118.353543,,2015-04-10T12:24:33.000Z,,6454590.363665,1845038.862364
-118.124654856892178,34.059119367265254,47870750,,,Community Groups,Farmers Markets,,Mark Anderson,Monterey Park CFM,318 S. Ramona Ave,,Monterey Park,CA,"Friday, year round, 4:00 pm - 9:00 pm",424-645-7211,,,,76146,,91754,http://egis3.lacounty.gov/lms/?p=76146,publish,34.059119,-118.124655,,2015-04-10T12:26:07.000Z,,6523913.988469,1843918.49387
-118.410697956296019,34.029220367126136,47870751,,,Community Groups,Farmers Markets,,Evelin,Motor Avenue CFM,10316 National @ Motor Ave.,,Los Angeles,CA,"Sunday, year round, 9:00 am - 1:00 pm",310-202-9002,,,,76154,,90034,http://egis3.lacounty.gov/lms/?p=76154,publish,34.02922,-118.410698,,2015-04-10T12:27:47.000Z,,6437231.059801,1833268.466942
-118.377379956065226,34.164917366834949,47870752,,,Community Groups,Farmers Markets,,Jose Hernandez,North Hollywood CFM,5200 Bakman,,North Hollywood,CA,"Saturday, year round, 10:00 am - 3:00 pm",818-314-1312,,,,76152,,91601,http://egis3.lacounty.gov/lms/?p=76152,publish,34.164917,-118.37738,,2015-04-10T12:29:31.000Z,,6447511.585499,1882611.242272
-118.528288856111175,34.236027266579008,47870753,,,Community Groups,Farmers Markets,,Raw Inspiration,Northridge University CFM,18111 Nordroff Street,,Northridge,CA,"Tuesday, year round, 10:00 am - 2:00 pm",818-591-8161,,,,76156,,91330,http://egis3.lacounty.gov/lms/?p=76156,publish,34.236027,-118.528289,,2015-04-10T12:31:12.000Z,,6401997.481646,1908694.719304
-118.095432456472736,33.88747246717179,47870754,,,Community Groups,Farmers Markets,,Batch Redman,Norwalk CFM,11200 Alindra Blvd.,,Norwalk,CA,"Tuesday, year round, 9:00 am - 1:00 pm",562-921-2321,,,,76158,,90650,http://egis3.lacounty.gov/lms/?p=76158,publish,33.887473,-118.095432,,2015-04-10T12:33:34.000Z,,6532705.772722,1781442.868493
-118.525733956352411,34.379720166053744,47870755,,,Community Groups,Farmers Markets,,Greta Dunlap,Old Town Newhall CFM,22421 Market Street,,Newhall,CA,"Saturday, year round, 8:00 am - 12:30 pm",661-750-3784,,,,76162,,91321,http://egis3.lacounty.gov/lms/?p=76162,publish,34.37972,-118.525734,,2015-04-10T12:35:11.000Z,,6403043.183295,1960982.485463
-118.144285556373077,34.14838676647183,47870756,,,Community Groups,Farmers Markets,,Gretchen Sterling,Pasadena City Hall CFM,100 N. Garfield Ave,,Pasadena,CA,"Wednesday, May - Oct, 4:00 pm - 8:00 pm",626-449-0179,,,,76166,,91101,http://egis3.lacounty.gov/lms/?p=76166,publish,34.148387,-118.144285,,2015-04-10T12:36:57.000Z,,6518014.735175,1876412.492858
-118.421888055509967,33.972011967029189,47870757,,,Community Groups,Farmers Markets,,Mark Anderson,Playa Vista CFM,6400 Seabluff Drive,,Los Angeles,CA,"Saturday, year round, 9:00 am - 2:00 pm",310-600-8252,,,,76169,,90094,http://egis3.lacounty.gov/lms/?p=76169,publish,33.972012,-118.421888,,2015-04-10T12:38:38.000Z,,6433753.157964,1812463.381912
-118.388355355717763,33.819251167527163,47870758,,,Community Groups,Farmers Markets,,Lee Ostendorf,Rivera Village CFM,Avenue I and South Catalina,,Redondo Beach,CA,"Thursday, year round, 3:00 pm - 9:00 pm",562-449-9299,,,,76173,,90277,http://egis3.lacounty.gov/lms/?p=76173,publish,33.819251,-118.388355,,2015-04-10T12:40:39.000Z,,6443705.492062,1756829.552891
-118.104637156356091,34.084761266678555,47870759,,,Community Groups,Farmers Markets,,Gretchen Sterling,San Gabriel CFM,300 W. Wells Street,,San Gabriel,CA,"Thursday, April - Dec, 4:00 pm - 8:00 pm",626-308-2875,,,,76175,,91770,http://egis3.lacounty.gov/lms/?p=76175,publish,34.084761,-118.104637,,2015-04-10T12:42:44.000Z,,6529986.804407,1853243.151402
-118.304913555548481,33.738195967710872,47870760,,,Community Groups,Farmers Markets,,Helen Lee,San Pedro Providence CFM,1300 W. 7th Street,,San Pedro,CA,"Thursday, Year Round, 9:00 am - 2:00 pm",323-272-9171,,,,76171,,90731,http://egis3.lacounty.gov/lms/?p=76171,publish,33.738196,-118.304913,,2015-04-10T12:51:48.000Z,,6468961.782756,1727243.996576
-118.568262755739795,34.404195765725781,47870761,,,Community Groups,Farmers Markets,,Karen Wetzel-Schott,Santa Clarita CFM,26455 Rockwell Road,,Valencia,CA,"Sunday, yearround, 8:30 am - 12:00 pm",805-529-6266,,,,76179,,91355,http://egis3.lacounty.gov/lms/?p=76179,publish,34.404196,-118.568263,,2015-04-10T12:53:33.000Z,,6390261.661614,1969959.329714
-118.082726257046545,33.94563916749923,47870762,,,Community Groups,Farmers Markets,,Rick Palas,Santa Fe Springs CFM,11740 Telegraph Road,,Santa Fe Springs,CA,"Thursday, yearround, 12:00 pm - 5:00 pm",714-329-6755,,,,76177,,90670,http://egis3.lacounty.gov/lms/?p=76177,publish,33.945639,-118.082726,,2015-04-10T12:57:03.000Z,,6536579.633741,1802607.635219
-118.439086055502571,34.074591167157244,47870763,,,Community Groups,Farmers Markets,,Patricia Zimmerman,UCLA CFM,350 Charles E. Young @ the Camp,,Los Angeles,CA,"Wednesday, year round, 11:00 am - 3:00 pm",310-206-0703,,,,76181,,90045,http://egis3.lacounty.gov/lms/?p=76181,publish,34.074591,-118.439086,,2015-04-10T13:00:03.000Z,,6428701.795363,1849815.985028
-118.280722356724326,34.020920766736225,47870764,,,Community Groups,Farmers Markets,,Raw Inspiration,USC Hospitality CFM,3445 S. Figueroa Street,,Los Angeles,CA,"Wednesday, year round, 11:00 am - 3:00 pm",818-591-8161,,,,76183,,90007,http://egis3.lacounty.gov/lms/?p=76183,publish,34.020921,-118.280722,,2015-04-10T13:01:28.000Z,,6476604.410844,1830112.643201
-118.565244155951291,34.420525766416354,47870765,,,Community Groups,Farmers Markets,,Peggy Bull,Valencia CFM,26251 Town Center Dr.,,Valencia,CA,"Thursday, year round, 4:00 pm - 8:00 pm",805-643-6458,,,,76185,,91355,http://egis3.lacounty.gov/lms/?p=76185,publish,34.420526,-118.565244,,2015-04-10T13:03:05.000Z,,6391205.589516,1975896.920857
-117.921276828530978,34.070593855071216,47870766,,,Community Groups,Farmers Markets,,Roger Evans,West Covina CFM,195 S. Glendora Ave.,,West Covina,CA,"Saturday, year round, 8:00 am - 1:00 pm",626-488-0054,,,,76189,,91790,http://egis3.lacounty.gov/lms/?p=76189,publish,34.070594,-117.921277,,2015-04-10T13:09:31.000Z,,6585511.317702,1848080.208316
-118.446269856005017,34.061556366439589,47870767,,,Community Groups,Farmers Markets,,"Steve Whipp;e",Westwood Village CFM,1050 Broxton Ave,,Los Angeles,CA,"Thursday, year round, 12:00 pm - 6:00 pm",310-430-2919,,,,76191,,90024,http://egis3.lacounty.gov/lms/?p=76191,publish,34.061556,-118.44627,,2015-04-10T13:11:42.000Z,,6426505.277118,1845081.998433
-118.128791356572762,34.093705666845658,47870768,211,,Community Groups,Farmers Markets,,City of Alhambra,Alhambra Certified Farmers' Market,11 S. 2nd Street,,Alhambra,CA,Closed Easter Sunday. ,Harry C. Wong Service/Intake (626) 586-1899,www.cafarmersmarkets.com,,,60939,This federation administers farmers markets for consumers and farmers in Los Angeles County and throughout the state of California.,91801,http://egis3.lacounty.gov/lms/?p=60939,publish,34.093706,-118.128791,,2015-04-10T13:23:19.000Z,,6522677.222898,1856506.676699
-118.292590356211804,34.032562197255821,47870769,211,,Community Groups,Farmers Markets,,Ida Edwards,Adams - Vermont Certified Farmers' Market,1432 W Adams Blvd,St. Agnes Catholic Church,Los Angeles,CA,"Wednesday, 2:00pm to 6:00pm. ", (323) 777-1755,www.cafarmersmarkets.com,,,71472,This federation administers farmers markets for consumers and farmers in Los Angeles County and throughout the state of California.,90007,http://egis3.lacounty.gov/lms/?p=71472,publish,34.032562,-118.29259,,2015-04-14T08:18:14.000Z,,6473020.450164,1834359.429655
-118.158130156974025,34.200378766892953,47870770,211,,Community Groups,Farmers Markets,,Elizabeth Bowman,Altadena Certified Farmers' Market,600 W. Palm Ave,,Altadena,CA,"Wednesday, 4:00 pm to 8:00pm. ",310-595-0272,www.cafarmersmarkets.com,,,71516,This federation administers farmers markets for consumers and farmers in Los Angeles County and throughout the state of California.,91001,http://egis3.lacounty.gov/lms/?p=71516,publish,34.200379,-118.15813,,2015-04-14T08:23:59.000Z,,6513855.626039,1895339.60297
-118.243172156114341,34.054045806831645,47870771,211,,Community Groups,Farmers Markets,,Susan Hutchinson,Arts District Little Tokyo Certified Farmers' Market,200 N Spring St,"L.A. City Hall, South Lawn",Los Angeles,CA,"Thursday, 10:00am to 2:00pm. ",Susan Hutchinson Service/Intake (323) 660-8660,www.cafarmersmarkets.com,,,71485,This federation administers farmers markets for consumers and farmers in Los Angeles County and throughout the state of California.,90012,http://egis3.lacounty.gov/lms/?p=71485,publish,34.054046,-118.243172,,2015-04-14T08:27:08.000Z,,6488012.204957,1842137.81108
-118.396198555711436,34.076263296368531,47870772,211,,Community Groups,Farmers Markets,,City of Beverly Hills,Beverly Hills Certified Farmers' Market,9300 Civic Center Dr,,Beverly Hills,CA,,Greta Dunlap Serv (310) 285-6830,www.cafarmersmarkets.com,,,60978,This federation administers farmers markets for consumers and farmers in Los Angeles County and throughout the state of California.,90210,http://egis3.lacounty.gov/lms/?p=60978,publish,34.076263,-118.396198,,2015-04-15T07:04:11.000Z,,6441691.75626,1850370.537724
-118.475149955513118,34.050606876717822,47870773,211,,Community Groups,Farmers Markets,,Raw Inspiration,Brentwood Village Certified Farmers' Market,741 Gretna Green Way,,Los Angeles,CA,Sundays year-round 9:00am to 2:00pm. ,Melissa Farwell (818) 591-8161,www.cafarmersmarkets.com,,,71461,This federation administers farmers markets for consumers and farmers in Los Angeles County and throughout the state of California.,90049,http://egis3.lacounty.gov/lms/?p=71461,publish,34.050607,-118.47515,,2015-04-15T07:06:19.000Z,,6417739.374047,1841137.402647
-118.262561356112855,33.844990966939278,47870774,211,,Community Groups,Farmers Markets,,Nick Spano,South Bay Pavilion CFM,20700 Avalon Blvd,,Carson,CA,"Thursdays, year-round, 10:00am to 3:00pm",(310) 869-8979,www.cafarmersmarkets.com,,,60987,This federation administers farmers markets for consumers and farmers in Los Angeles County and throughout the state of California.,90746,http://egis3.lacounty.gov/lms/?p=60987,publish,33.844991,-118.262561,,2015-04-15T07:12:51.000Z,,6481940.401484,1766073.184338
-118.417855256314823,34.060954967139459,47870775,211,,Community Groups,Farmers Markets,,Raw Inspiration,Century City Certified Farmers' Market,1800 Ave of the Stars, ,Century City,CA,"Thursdays, year-round, 11:00am - 2:00pm",818-591-8161,www.cafarmersmarkets.com,,,60984,This federation administers farmers markets for consumers and farmers in Los Angeles County and throughout the state of California.,90067,http://egis3.lacounty.gov/lms/?p=60984,publish,34.060955,-118.417855,,2015-04-15T07:16:51.000Z,,6435110.457087,1844826.147238
-118.39416635643552,34.024744546766264,47870776,211,,Community Groups,Farmers Markets,,Stephen Whipple,Culver City Certified Farmers' Market,3800 Main Street, between Culver Blvd and Venice Blvd,Culver City,CA,"Tuesdays, year-round 2:00pm to 7:00pm", (310) 430-2919,www.cafarmersmarkets.com,,,60992,This federation administers farmers markets for consumers and farmers in Los Angeles County and throughout the state of California.,90232,http://egis3.lacounty.gov/lms/?p=60992,publish,34.024745,-118.394166,,2015-04-15T07:20:01.000Z,,6442233.632801,1831619.585397
-118.259879256542987,34.049390547210322,47870778,211,,Community Groups,Farmers Markets,,Raw Inspiration,Downtown Los Angeles (B O. A) CFM,S Figueroa St & W 7Th St,,Los Angeles,CA,"Friday, 10:00am to 3:00pm. ",Melissa Farwell  (818) 591-8161,www.cafarmersmarkets.com,,,71031,This federation administers farmers markets for consumers and farmers in Los Angeles County and throughout the state of California.,90017,http://egis3.lacounty.gov/lms/?p=71031,publish,34.049391,-118.259879,,2015-04-15T07:23:15.000Z,,6482947.166203,1840456.340361
-118.160665056109906,34.03356496694839,47870779,211,,Community Groups,Farmers Markets,,Grace Gonzalez,East Los Angeles Certified Farmers' Market,4801 E. 3rd. St.,,Los Angeles,CA,"Saturday, 9:00 am - 2:00 pm", (323) 263-4462,www.cafarmersmarkets.com,,,60971,This federation administers farmers markets for consumers and farmers in Los Angeles County and throughout the state of California.,90022,http://egis3.lacounty.gov/lms/?p=60971,publish,34.033565,-118.160665,,2015-04-15T07:25:51.000Z,,6512992.105129,1834634.239145
-118.415764436674138,33.921479427304625,47870780,211,,Community Groups,Farmers Markets,,Raw Inspiration,El Segundo Plaza Certified Farmers' Market,Main Street. Between Holly & Oina Ave, ,El Segundo,CA,"Thursday, year-round 10:00 am to 2:00 pm",(818) 591-8161,www.cafarmersmarkets.com,,,60985,This federation administers farmers markets for consumers and farmers in Los Angeles County and throughout the state of California.,90245,http://egis3.lacounty.gov/lms/?p=60985,publish,33.921479,-118.415764,,2015-04-15T07:38:46.000Z,,6435533.774809,1794065.904271
-118.514066056191453,34.186203966583257,47870781,211,,Community Groups,Farmers Markets,,One Generation,Encino Certified Farmers' Market,17400 Victory Blvd in Van Nuys,Between Louise and Wight Oak Blvd,Van Nuys,CA,"Sundays, year-round, 8:00am to 1:00pm", (818) 708-6611,www.cafarmersmarkets.com,,,60973,This federation administers farmers markets for consumers and farmers in Los Angeles County and throughout the state of California.,91406,http://egis3.lacounty.gov/lms/?p=60973,publish,34.186204,-118.514066,,2015-04-15T07:41:09.000Z,,6406203.491279,1890541.068276
-118.37662015594357,33.909422016642225,47870782,211,,Community Groups,Farmers Markets,,,Hawthorne - Del Aire Certified Farmers' Market,13500 Aviation Boulevard,,Hawthorne,CA,"Saturdays, year-round, 9:00am to 1:00pm. ",Susan Hillyer (310) 367-5755,www.cafarmersmarkets.com,,,71521,This federation administers farmers markets for consumers and farmers in Los Angeles County and throughout the state of California.,90250,http://egis3.lacounty.gov/lms/?p=71521,publish,33.909422,-118.37662,,2015-04-15T07:43:56.000Z,,6447393.051944,1789631.159203
-118.394257156092053,33.860151846835912,47870783,211,,Community Groups,Farmers Markets,,City of Hermosa Beach,Hermosa Beach Certified Farmers' Market,Valley Drive at 8Th St,between 8th & 10th Sts.,Hermosa Beach,CA,"Fridays, year-round, 12:00pm to 4:00pm. ",Barbara Clark (310) 781-7520,www.cafarmersmarkets.com,,,60946,This federation administers farmers markets for consumers and farmers in Los Angeles County and throughout the state of California.,90254,http://egis3.lacounty.gov/lms/?p=60946,publish,33.860152,-118.394257,,2015-04-15T07:46:35.000Z,,6441971.181882,1771721.223895
-118.20520045630326,33.972129497087792,47870784,211,,Community Groups,Farmers Markets,,Julie Schwarz,Huntington Park Certified Farmers' Market,E Florence Ave & Bissell St,Salt Lake Park,Huntington Park,CA,"Wednesday, year round, 9:30am to 1:30pm. ",Julie Schwarz (562) 983-1665,www.cafarmersmarkets.com,,,61002,This federation administers farmers markets for consumers and farmers in Los Angeles County and throughout the state of California.,90255,http://egis3.lacounty.gov/lms/?p=61002,publish,33.97213,-118.2052,,2015-04-15T07:50:11.000Z,,6499453.161406,1812301.21721
-118.375937056009647,34.038064906676482,47870785,211,,Community Groups,Farmers Markets,,Cynthia Ojeda,Kaiser -La Cienga Certified Farmers' Market,6041 Cadillac Ave,,Los Angeles,CA,"Wednesday, 9:30am to 1:30pm. ",Cynthia Ojeda  (562) 495-1764,www.cafarmersmarkets.com,,,71484,This federation administers farmers markets for consumers and farmers in Los Angeles County and throughout the state of California.,90034,http://egis3.lacounty.gov/lms/?p=71484,publish,34.038065,-118.375937,,2015-04-15T07:52:44.000Z,,6447775.413384,1836445.935324
-117.985883956840041,34.065376546800749,47870786,211,,Community Groups,Farmers Markets,,Deborah Brister,Kaiser Baldwin Park Certified Farmers' Market,1011 Baldwin Park Blvd,,Baldwin Park,CA,"Fridays, year-round, 7:30am to 12:30pm. ",(310) 455-0181,www.cafarmersmarkets.com,,,71498,This federation administers farmers markets for consumers and farmers in Los Angeles County and throughout the state of California.,91706,http://egis3.lacounty.gov/lms/?p=71498,publish,34.065377,-117.985884,,2015-04-15T07:55:35.000Z,,6565945.59535,1846172.492971
-118.429916056099088,34.219808696825282,47870787,211,,Community Groups,Farmers Markets,,Howell Tumlin,Kaiser Panorama City Certified Farmers' Market,13652 Cantara St,,Panorama City,CA,"Wednesdays, year-round, 9:00am to 1:30pm. ", (310) 455-0801,www.cafarmersmarkets.com,,,71475,This federation administers farmers markets for consumers and farmers in Los Angeles County and throughout the state of California.,91402,http://egis3.lacounty.gov/lms/?p=71475,publish,34.219809,-118.429916,,2015-04-15T07:57:38.000Z,,6431704.759174,1902650.826208
-118.207700556986737,34.207496646999765,47870788,211,,Community Groups,Farmers Markets,,Raw Inspiration,La Canada Certified Farmers' Market,1346 Foothill Blvd,,La Canada Flintridge,CA,"Saturdays, year-round, 9:00am - 1:00pm",(818) 591-8161,www.cafarmersmarkets.com,,,60970,This federation administers farmers markets for consumers and farmers in Los Angeles County and throughout the state of California.,91011,http://egis3.lacounty.gov/lms/?p=60970,publish,34.207497,-118.207701,,2015-04-15T07:59:01.000Z,,6498872.112699,1897957.1978
-118.588612455234326,34.171261966556521,47870789,211,,Community Groups,Farmers Markets,,Howell Tumlin,Kaiser Woodland Hills Certified Farmers' Market,5601 De  Soto Ave,,Woodland Hills,CA,"Thursdays, year-round, 10:00am to 2:30pm. ", (310) 455-0181,www.cafarmersmarkets.com,,,71490,This federation administers farmers markets for consumers and farmers in Los Angeles County and throughout the state of California.,91367,http://egis3.lacounty.gov/lms/?p=71490,publish,34.171262,-118.588612,,2015-04-15T08:00:29.000Z,,6383627.134528,1885227.154691
-117.77100805745485,34.10195396690893,47870791,211,,Community Groups,Farmers Markets,,David Gayman,La Verne Certified Farmers' Market,"3660 ""D"" Street between Bonita and 3rd Street",,La Verne,CA,"Thursdays, April through September, 5:00pm to 9:00pm. ",866-440-3374,www.cafarmersmarkets.com,,,60955,This federation administers farmers markets for consumers and farmers in Los Angeles County and throughout the state of California.,91750,http://egis3.lacounty.gov/lms/?p=60955,publish,34.101954,-117.771008,,2015-04-15T10:42:46.000Z,,6630993.512498,1859562.376952
-118.323835256659436,34.074882017161713,47870792,211,,Community Groups,Farmers Markets,,Raw Inspiration,Larchmont Village Certified Farmers' Market,209 N Larchmont Blvd,,Los Angeles,CA,"Sunday, 10:00am to 2:00pm. ",(818) 591-8161,www.cafarmersmarkets.com,,,71018,This federation administers farmers markets for consumers and farmers in Los Angeles County and throughout the state of California.,90004,http://egis3.lacounty.gov/lms/?p=71018,publish,34.074882,-118.323835,,2015-04-15T10:44:18.000Z,,6463603.425035,1849789.381406
-118.192378056089808,33.772944967360282,47870793,211,,Community Groups,Farmers Markets,,Julie Schwarz,Long Beach Downtown Farmers' Market,212 W. Third Street at Pacific Avenue,,Long Beach,CA,"Fridays, year-round, 10:00am to 4:00pm. ",(562) 595-0268,www.cafarmersmarkets.com,,,60943,This federation administers farmers markets for consumers and farmers in Los Angeles County and throughout the state of California.,90802,http://egis3.lacounty.gov/lms/?p=60943,publish,33.772945,-118.192378,,2015-04-15T10:46:07.000Z,,6503202.203449,1739805.520994
-118.113098056147081,33.757623967403227,47870794,211,,Community Groups,Farmers Markets,,Julie Schwarz,Long Beach Southeast Certified Farmers' Market,2nd St. and N. Marina Dr., Alamitos Bay Marina,Long Beach,CA,"Sundays, year-round, 9:00am to 2:00pm", (562) 983-1665,www.cafarmersmarkets.com,,,60977,This federation administers farmers markets for consumers and farmers in Los Angeles County and throughout the state of California.,90803,http://egis3.lacounty.gov/lms/?p=60977,publish,33.757624,-118.113098,,2015-04-15T10:48:49.000Z,,6527290.944969,1734193.156563
-118.184940956541581,33.842649146992812,47870796,211,,Community Groups,Farmers Markets,,Julie Schwarz,Long Beach Uptown Certified Farmers' Market,E 46Th St & Atlantic Ave,Bixby Knolls area,Long Beach,CA,"Thursday, 3:00pm to 6:30pm ", (562) 983-1665,www.cafarmersmarkets.com,,,71029,This federation administers farmers markets for consumers and farmers in Los Angeles County and throughout the state of California.,90807,http://egis3.lacounty.gov/lms/?p=71029,publish,33.842649,-118.184941,,2015-04-15T10:50:15.000Z,,6505509.179478,1765168.471252
-118.292009656504064,34.104211426782207,47870797,211,,Community Groups,Farmers Markets,,Helen Lee,Los Feliz Village Certified Farmers' Market,1825 N Vermont Ave,,Los Angeles,CA,"Sundays, year-round, 9:00am to 2:00pm. ",(323) 272-9171,www.cafarmersmarkets.com,,,71462,This federation administers farmers markets for consumers and farmers in Los Angeles County and throughout the state of California.,90027,http://egis3.lacounty.gov/lms/?p=71462,publish,34.104211,-118.29201,,2015-04-15T10:54:11.000Z,,6473272.138965,1860433.338465
-118.691163955265111,34.034739246290236,47870798,211,,Community Groups,Farmers Markets,,Debra Blanco,Malibu Certified Farmers' Market,23525 Civic Center Way, between Webb Way & Pacific Coast Hwy,Malibu,CA,"Sundays, year-round, 10:00am to 3:00pm. ",(310) 457-4537,www.cafarmersmarkets.com,,,60951,This federation administers farmers markets for consumers and farmers in Los Angeles County and throughout the state of California.,90265,http://egis3.lacounty.gov/lms/?p=60951,publish,34.034739,-118.691164,,2015-04-15T10:57:25.000Z,,6352266.237933,1835742.615537
-118.409414555675411,33.886736956970289,47870799,211,,Community Groups,Farmers Markets,,Mark Anderson,Manhattan Beach Certified Farmers' Market,13Th St & Morningside Dr,,Manhattan Beach,CA,"Tuesday, 11:00am to 4:00pm; 11:00am to 5:00pm, June through August ",(310)379-9901,www.cafarmersmarkets.com,,,71470,This federation administers farmers markets for consumers and farmers in Los Angeles County and throughout the state of California.,90266,http://egis3.lacounty.gov/lms/?p=71470,publish,33.886737,-118.409414,,2015-04-15T10:59:37.000Z,,6437408.723159,1781414.50897
-118.160243656211222,33.90263276684491,47870905,,,Community Groups,Farmers Markets,,Tipping The Scale,Paramount CFM,14409 Paramount Blvd.,,Paramount,CA,"9:00 am - 1: 00 pm, June - Dec.",(323) 378 - 6818 NickSpano,,,,76459,,90723,http://egis3.lacounty.gov/lms/?p=76459,publish,33.902633,-118.160244,,2015-05-11T12:32:50.000Z,,6513043.821233,1786985.068039
-118.215635756146682,34.073651267231504,47870909,,,Community Groups,Farmers Markets,,North Figueroa Association,Lincoln Heights CFM,North Broadway & Daly Street,,Los Angeles,CA,"3:00 pm - 7:00 pm, June - Dec.",(323) 494-4100  Misty Iwatsu,,,,76462,,90031,http://egis3.lacounty.gov/lms/?p=76462,publish,34.073651,-118.215636,,2015-05-13T08:51:25.000Z,,6496368.419216,1849253.56358
-118.35680555550833,33.838732067190158,47870910,,,Community Groups,Farmers Markets,,Helen Lee Foundation,Torrance Providence CFM,4101 Torranc Blvd. @ Hawthorne Blvd,,Torrance,CA,"Friday, Year Round, 10:00 am - 3:00 pm",323-272-9171,,,,76466,,90503,http://egis3.lacounty.gov/lms/?p=76466,publish,33.838732,-118.356805,,2015-05-28T08:20:49.000Z,,6453314.02337,1763883.594229
-118.128811456551659,33.919241566857799,47870911,,,Community Groups,Farmers Markets,,Southland Farmers' Market Association,Kaised Downey,9333 E. Imperial Hwy in Kaiser Medical Center,,Downey,CA,"Thursday, Year Round, 9:00 am - 2:00 pm",310-455-0181 Howell Tumlin,,,,76471,,90242,http://egis3.lacounty.gov/lms/?p=76471,publish,33.919242,-118.128811,,2015-06-10T13:44:34.000Z,,6522589.777534,1793015.67376
-118.529305056237149,34.381470366234744,47870912,211,,Community Groups,Farmers Markets,,The City of Newhall,Newhall Certified Farmers' Market,22520 Lynos Ave,,Newhall,CA,"Saturday, 8:00am to 12:00pm. ",Greta Dunlap,www.cafarmersmarkets.com,,,71492,This federation administers farmers markets for consumers and farmers in Los Angeles County and throughout the state of California.,91321,http://egis3.lacounty.gov/lms/?p=71492,publish,34.38147,-118.529305,,2015-06-17T06:38:20.000Z,,6401969.056506,1961625.063574
-118.028376957438184,34.141168766500869,47870913,,,Community Groups,Farmers Markets,,David Gayman,Arcadia Street Fair CFM,Wheeler Ave. @ 1st Street,,Arcadia,CA,"Friday, July - Dec., 5:00 pm - 9:00 pm",866-440-3374,,,,76475,,91016,http://egis3.lacounty.gov/lms/?p=76475,publish,34.141169,-118.028377,,2015-06-17T06:43:05.000Z,,6553083.75526,1873755.612017
-117.751298757820322,34.057815967650413,47870914,,,Community Groups,Farmers Markets,,Downtown Pomona Owner Association,Pomona Thomas Plaza CFM,201 W. 2nd Street,,Pomona,CA,"2nd Saturday of the month, year round, 5:00 pm - 9:00 pm",909-469-1121,,,,76479,,91766,http://egis3.lacounty.gov/lms/?p=76479,publish,34.057816,-117.751299,,2015-06-22T07:04:13.000Z,,6636999.87811,1843513.947107
-118.356100255588629,34.021192166793355,47870915,,,Community Groups,Farmers Markets,,Enriched Farms,Baldwin La Brea CFM,3601 S. La Brea Ave.,,Los Angeles,CA,"Saturday, 9:00 am - 2:00 pm.",310-779-1152,,,,76484,,90016,http://egis3.lacounty.gov/lms/?p=76484,publish,34.021192,-118.3561,,2015-07-01T13:04:06.000Z,,6453763.446683,1830283.764906
-118.076330856458057,34.080304666821348,47870924,,,Community Groups,Farmers Markets,,City of Rosemead,Rosemead CFM,8838 Valley Blvd.,,Rosemead,CA,"Aug - Dec, Friday, 4:00 pm - 8:00 pm","626-569-2100
626-343-8690",,,,76510,,91770,http://egis3.lacounty.gov/lms/?p=76510,publish,34.080305,-118.076331,,2015-07-27T13:10:53.000Z,,6538556.558921,1851613.595606
-117.952348471477904,34.020062815306218,47870925,,,Community Groups,Farmers Markets,,Ceder Broadcasting,La Puente Live CFM,Main Street & First Street,,La Puente,Ca,"July - Dec., Friday, 6:00 pm - 10:00 pm",909-375-0888,,,,76508,,91744,http://egis3.lacounty.gov/lms/?p=76508,publish,34.020063,-117.952348,,2015-07-27T13:17:17.000Z,,6576110.124562,1829685.059738
-118.352011256473673,33.961779867247017,47870926,,,Community Groups,Farmers Markets,,Myca Tran,Inglewood CFM,Manchester Blvd. & Market Street,,Inglewood,CA,"Thursday, year round, 3:00 pm - 7:00 pm",323-952-3466,,,,76092,,90301,http://egis3.lacounty.gov/lms/?p=76092,publish,33.96178,-118.352011,,2015-07-29T07:09:15.000Z,,6454926.789173,1808658.165769
-118.22147837776312,33.877468601396082,47870927,,,Community Groups,Farmers Markets,,,Compton CFM,Gateway Towne Center,,Compton,CA,"9:00 am - 2:00 pm Aug - Dec, Saturday",310-761-1474 Jack Hagopian,,,,76517,,90220,http://egis3.lacounty.gov/lms/?p=76517,publish,33.877469,-118.221478,,2015-08-13T12:06:19.000Z,,6494441.767558,1777862.535431
-118.605815756251374,34.184069766335526,47870928,,,Community Groups,Farmers Markets,,Raw Inspiration,The Village CFM,6250 Topanga Blvd.,,,Los Angeles,"Sunday, Year Round, 2:00 pm - 4:00 pm",818-591-8161,,,,76525,,91367,http://egis3.lacounty.gov/lms/?p=76525,publish,34.18407,-118.605816,,2015-09-02T06:42:25.000Z,,6378451.641927,1889918.977328
-118.401357556328819,33.861989866684269,47870929,,,Community Groups,Farmers Markets,,Sprouts of Promise,Hermosa Beach Wednesday CFM,1 Piar Ave,,Hermosa Beach,CA,"Wednesday, Year Round, 11:00 am - 4:00 pm",424-645-7211,,,,76527,,90254,http://egis3.lacounty.gov/lms/?p=76527,publish,33.86199,-118.401358,,2015-09-02T06:48:05.000Z,,6439818.134023,1772398.651018
-118.386663855682613,33.976007067329846,47874249,,,Community Groups,Farmers Markets,,,Howard Hughes CFM,6080 Center Drive,,Los Angeles,CA,"Thursday, Year Round, 10:00 am - 2:00 pm",818-591-8161,,,,76513,,90230,http://egis3.lacounty.gov/lms/?p=76513,publish,33.976007,-118.386664,,2015-12-10T16:59:47.000Z,,6444438.734034,1813874.318394
